container_id,size,weight,destination,destination_order,hazardous,refrigerated
C00001,20,8819,Singapore,3,FALSE,FALSE
C00002,20,27349,Colombo,4,TRUE,FALSE
C00003,20,26390,Dubai,2,FALSE,FALSE
C00004,20,22719,Singapore,3,FALSE,FALSE
C00005,40,19149,Singapore,3,FALSE,FALSE
C00006,20,11039,Colombo,4,FALSE,FALSE
C00007,40,34447,Mumbai,1,FALSE,FALSE
C00008,40,10582,Singapore,3,FALSE,FALSE
C00009,20,10279,Mumbai,1,FALSE,FALSE
C00010,20,15628,Mumbai,1,FALSE,FALSE
C00011,40,13329,Singapore,3,FALSE,FALSE
C00012,20,27960,Dubai,2,FALSE,FALSE
C00013,40,16845,Dubai,2,FALSE,FALSE
C00014,20,15505,Mumbai,1,FALSE,TRUE
C00015,40,14967,Colombo,4,FALSE,FALSE
C00016,20,16679,Dubai,2,FALSE,FALSE
C00017,40,27121,Colombo,4,FALSE,FALSE
C00018,40,10978,Mumbai,1,FALSE,FALSE
C00019,40,27543,Mumbai,1,FALSE,FALSE
C00020,40,26128,Mumbai,1,FALSE,FALSE
C00021,40,33185,Singapore,3,FALSE,FALSE
C00022,20,16630,Dubai,2,FALSE,FALSE
C00023,40,28937,Dubai,2,FALSE,FALSE
C00024,20,27626,Singapore,3,TRUE,FALSE
C00025,40,15846,Mumbai,1,FALSE,FALSE
C00026,20,23924,Mumbai,1,FALSE,FALSE
C00027,40,26015,Dubai,2,FALSE,FALSE
C00028,20,25671,Dubai,2,FALSE,FALSE
C00029,40,22355,Colombo,4,FALSE,TRUE
C00030,20,27277,Dubai,2,FALSE,TRUE
C00031,20,15501,Mumbai,1,FALSE,TRUE
C00032,20,17125,Colombo,4,FALSE,FALSE
C00033,40,15962,Colombo,4,FALSE,TRUE
C00034,40,19609,Colombo,4,FALSE,FALSE
C00035,20,9986,Colombo,4,FALSE,FALSE
C00036,20,14278,Dubai,2,FALSE,FALSE
C00037,40,23159,Dubai,2,FALSE,FALSE
C00038,20,9657,Mumbai,1,FALSE,FALSE
C00039,20,21317,Colombo,4,FALSE,FALSE
C00040,20,13394,Colombo,4,FALSE,FALSE
C00041,40,17347,Colombo,4,FALSE,FALSE
C00042,40,13072,Dubai,2,FALSE,TRUE
C00043,20,18276,Mumbai,1,FALSE,FALSE
C00044,20,9863,Mumbai,1,TRUE,TRUE
C00045,20,21230,Mumbai,1,FALSE,FALSE
C00046,20,21737,Singapore,3,FALSE,FALSE
C00047,20,16703,Colombo,4,FALSE,FALSE
C00048,40,32637,Mumbai,1,FALSE,FALSE
C00049,20,10400,Dubai,2,FALSE,FALSE
C00050,20,16004,Singapore,3,FALSE,FALSE
