slot_id,bay,row,tier,size,max_weight,reefer_capable,hazardous_allowed,source_stack_index,level,stack_max_weight_t
RCSPP-B06-R06-T72-0001,6,6,72,40,38571.429,True,True,34,OnDeck,270.0
RCSPP-B06-R06-T74-0002,6,6,74,40,38571.429,False,True,34,OnDeck,270.0
RCSPP-B06-R06-T76-0003,6,6,76,40,38571.429,False,True,34,OnDeck,270.0
RCSPP-B06-R06-T78-0004,6,6,78,40,38571.429,False,True,34,OnDeck,270.0
RCSPP-B06-R06-T80-0005,6,6,80,40,38571.429,False,True,34,OnDeck,270.0
RCSPP-B06-R06-T82-0006,6,6,82,40,38571.429,False,True,34,OnDeck,270.0
RCSPP-B06-R06-T84-0007,6,6,84,40,38571.429,False,True,34,OnDeck,270.0
RCSPP-B10-R13-T20-0008,10,13,20,40,56000.0,False,True,95,BelowDeck,112.0
RCSPP-B10-R13-T22-0009,10,13,22,40,56000.0,False,True,95,BelowDeck,112.0
RCSPP-B14-R06-T72-0010,14,6,72,40,33750.0,True,True,102,OnDeck,270.0
RCSPP-B14-R06-T74-0011,14,6,74,40,33750.0,True,True,102,OnDeck,270.0
RCSPP-B14-R06-T76-0012,14,6,76,40,33750.0,False,True,102,OnDeck,270.0
RCSPP-B14-R06-T78-0013,14,6,78,40,33750.0,False,True,102,OnDeck,270.0
RCSPP-B14-R06-T80-0014,14,6,80,40,33750.0,False,True,102,OnDeck,270.0
RCSPP-B14-R06-T82-0015,14,6,82,40,33750.0,False,True,102,OnDeck,270.0
RCSPP-B14-R06-T84-0016,14,6,84,40,33750.0,False,True,102,OnDeck,270.0
RCSPP-B14-R06-T86-0017,14,6,86,40,33750.0,False,True,102,OnDeck,270.0
RCSPP-B14-R14-T16-0018,14,14,16,40,56000.0,False,True,116,BelowDeck,224.0
RCSPP-B14-R14-T18-0019,14,14,18,40,56000.0,False,True,116,BelowDeck,224.0
RCSPP-B14-R14-T20-0020,14,14,20,40,56000.0,False,True,116,BelowDeck,224.0
RCSPP-B14-R14-T22-0021,14,14,22,40,56000.0,False,True,116,BelowDeck,224.0
RCSPP-B18-R00-T02-0022,18,0,2,40,56000.0,False,True,159,BelowDeck,616.0
RCSPP-B18-R00-T04-0023,18,0,4,40,56000.0,False,True,159,BelowDeck,616.0
RCSPP-B18-R00-T06-0024,18,0,6,40,56000.0,False,True,159,BelowDeck,616.0
RCSPP-B18-R00-T08-0025,18,0,8,40,56000.0,False,True,159,BelowDeck,616.0
RCSPP-B18-R00-T10-0026,18,0,10,40,56000.0,False,True,159,BelowDeck,616.0
RCSPP-B18-R00-T12-0027,18,0,12,40,56000.0,False,True,159,BelowDeck,616.0
RCSPP-B18-R00-T14-0028,18,0,14,40,56000.0,False,True,159,BelowDeck,616.0
RCSPP-B18-R00-T16-0029,18,0,16,40,56000.0,False,True,159,BelowDeck,616.0
RCSPP-B18-R00-T18-0030,18,0,18,40,56000.0,False,True,159,BelowDeck,616.0
RCSPP-B18-R00-T20-0031,18,0,20,40,56000.0,False,True,159,BelowDeck,616.0
RCSPP-B18-R00-T22-0032,18,0,22,40,56000.0,False,True,159,BelowDeck,616.0
RCSPP-B18-R00-T72-0033,18,0,72,40,33750.0,True,True,141,OnDeck,270.0
RCSPP-B18-R00-T74-0034,18,0,74,40,33750.0,True,True,141,OnDeck,270.0
RCSPP-B18-R00-T76-0035,18,0,76,40,33750.0,False,True,141,OnDeck,270.0
RCSPP-B18-R00-T78-0036,18,0,78,40,33750.0,False,True,141,OnDeck,270.0
RCSPP-B18-R00-T80-0037,18,0,80,40,33750.0,False,True,141,OnDeck,270.0
RCSPP-B18-R00-T82-0038,18,0,82,40,33750.0,False,True,141,OnDeck,270.0
RCSPP-B18-R00-T84-0039,18,0,84,40,33750.0,False,True,141,OnDeck,270.0
RCSPP-B18-R00-T86-0040,18,0,86,40,33750.0,False,True,141,OnDeck,270.0
RCSPP-B18-R06-T72-0041,18,6,72,20,33750.0,True,True,138,OnDeck,270.0
RCSPP-B18-R06-T74-0042,18,6,74,20,33750.0,True,True,138,OnDeck,270.0
RCSPP-B18-R06-T76-0043,18,6,76,20,33750.0,False,True,138,OnDeck,270.0
RCSPP-B18-R06-T78-0044,18,6,78,20,33750.0,False,True,138,OnDeck,270.0
RCSPP-B18-R06-T80-0045,18,6,80,20,33750.0,False,True,138,OnDeck,270.0
RCSPP-B18-R06-T82-0046,18,6,82,20,33750.0,False,True,138,OnDeck,270.0
RCSPP-B18-R06-T84-0047,18,6,84,20,33750.0,False,True,138,OnDeck,270.0
RCSPP-B18-R06-T86-0048,18,6,86,20,33750.0,False,True,138,OnDeck,270.0
RCSPP-B22-R06-T02-0049,22,6,2,40,56000.0,False,True,192,BelowDeck,616.0
RCSPP-B22-R06-T04-0050,22,6,4,40,56000.0,False,True,192,BelowDeck,616.0
RCSPP-B22-R06-T06-0051,22,6,6,40,56000.0,False,True,192,BelowDeck,616.0
RCSPP-B22-R06-T08-0052,22,6,8,40,56000.0,False,True,192,BelowDeck,616.0
RCSPP-B22-R06-T10-0053,22,6,10,40,56000.0,False,True,192,BelowDeck,616.0
RCSPP-B22-R06-T12-0054,22,6,12,40,56000.0,False,True,192,BelowDeck,616.0
RCSPP-B22-R06-T14-0055,22,6,14,40,56000.0,False,True,192,BelowDeck,616.0
RCSPP-B22-R06-T16-0056,22,6,16,40,56000.0,False,True,192,BelowDeck,616.0
RCSPP-B22-R06-T18-0057,22,6,18,40,56000.0,False,True,192,BelowDeck,616.0
RCSPP-B22-R06-T20-0058,22,6,20,40,56000.0,False,True,192,BelowDeck,616.0
RCSPP-B22-R06-T22-0059,22,6,22,40,56000.0,False,True,192,BelowDeck,616.0
RCSPP-B22-R17-T72-0060,22,17,72,40,28750.0,False,True,186,OnDeck,230.0
RCSPP-B22-R17-T74-0061,22,17,74,40,28750.0,False,True,186,OnDeck,230.0
RCSPP-B22-R17-T76-0062,22,17,76,40,28750.0,False,True,186,OnDeck,230.0
RCSPP-B22-R17-T78-0063,22,17,78,40,28750.0,False,True,186,OnDeck,230.0
RCSPP-B22-R17-T80-0064,22,17,80,40,28750.0,False,True,186,OnDeck,230.0
RCSPP-B22-R17-T82-0065,22,17,82,40,28750.0,False,True,186,OnDeck,230.0
RCSPP-B22-R17-T84-0066,22,17,84,40,28750.0,False,True,186,OnDeck,230.0
RCSPP-B22-R17-T86-0067,22,17,86,40,28750.0,False,True,186,OnDeck,230.0
RCSPP-B26-R15-T08-0068,26,15,8,40,56000.0,False,True,239,BelowDeck,448.0
RCSPP-B26-R15-T10-0069,26,15,10,40,56000.0,False,True,239,BelowDeck,448.0
RCSPP-B26-R15-T12-0070,26,15,12,40,56000.0,False,True,239,BelowDeck,448.0
RCSPP-B26-R15-T14-0071,26,15,14,40,56000.0,False,True,239,BelowDeck,448.0
RCSPP-B26-R15-T16-0072,26,15,16,40,56000.0,False,True,239,BelowDeck,448.0
RCSPP-B26-R15-T18-0073,26,15,18,40,56000.0,False,True,239,BelowDeck,448.0
RCSPP-B26-R15-T20-0074,26,15,20,40,56000.0,False,True,239,BelowDeck,448.0
RCSPP-B26-R15-T22-0075,26,15,22,40,56000.0,False,True,239,BelowDeck,448.0
RCSPP-B30-R05-T02-0076,30,5,2,20,56000.0,False,True,270,BelowDeck,616.0
RCSPP-B30-R05-T04-0077,30,5,4,20,56000.0,True,True,270,BelowDeck,616.0
RCSPP-B30-R05-T06-0078,30,5,6,20,56000.0,True,True,270,BelowDeck,616.0
RCSPP-B30-R05-T08-0079,30,5,8,20,56000.0,True,True,270,BelowDeck,616.0
RCSPP-B30-R05-T10-0080,30,5,10,20,56000.0,True,True,270,BelowDeck,616.0
RCSPP-B30-R05-T12-0081,30,5,12,20,56000.0,True,True,270,BelowDeck,616.0
RCSPP-B30-R05-T14-0082,30,5,14,20,56000.0,True,True,270,BelowDeck,616.0
RCSPP-B30-R05-T16-0083,30,5,16,20,56000.0,False,True,270,BelowDeck,616.0
RCSPP-B30-R05-T18-0084,30,5,18,20,56000.0,False,True,270,BelowDeck,616.0
RCSPP-B30-R05-T20-0085,30,5,20,20,56000.0,False,True,270,BelowDeck,616.0
RCSPP-B30-R05-T22-0086,30,5,22,20,56000.0,False,True,270,BelowDeck,616.0
RCSPP-B30-R08-T72-0087,30,8,72,40,30000.0,True,True,245,OnDeck,270.0
RCSPP-B30-R08-T74-0088,30,8,74,40,30000.0,True,True,245,OnDeck,270.0
RCSPP-B30-R08-T76-0089,30,8,76,40,30000.0,False,True,245,OnDeck,270.0
RCSPP-B30-R08-T78-0090,30,8,78,40,30000.0,False,True,245,OnDeck,270.0
RCSPP-B30-R08-T80-0091,30,8,80,40,30000.0,False,True,245,OnDeck,270.0
RCSPP-B30-R08-T82-0092,30,8,82,40,30000.0,False,True,245,OnDeck,270.0
RCSPP-B30-R08-T84-0093,30,8,84,40,30000.0,False,True,245,OnDeck,270.0
RCSPP-B30-R08-T86-0094,30,8,86,40,30000.0,False,True,245,OnDeck,270.0
RCSPP-B30-R08-T88-0095,30,8,88,40,30000.0,False,True,245,OnDeck,270.0
RCSPP-B34-R06-T72-0096,34,6,72,20,27000.0,True,True,282,OnDeck,270.0
RCSPP-B34-R06-T74-0097,34,6,74,20,27000.0,True,True,282,OnDeck,270.0
RCSPP-B34-R06-T76-0098,34,6,76,20,27000.0,False,True,282,OnDeck,270.0
RCSPP-B34-R06-T78-0099,34,6,78,20,27000.0,False,True,282,OnDeck,270.0
RCSPP-B34-R06-T80-0100,34,6,80,20,27000.0,False,True,282,OnDeck,270.0
RCSPP-B34-R06-T82-0101,34,6,82,20,27000.0,False,True,282,OnDeck,270.0
RCSPP-B34-R06-T84-0102,34,6,84,20,27000.0,False,True,282,OnDeck,270.0
RCSPP-B34-R06-T86-0103,34,6,86,20,27000.0,False,True,282,OnDeck,270.0
RCSPP-B34-R06-T88-0104,34,6,88,20,27000.0,False,True,282,OnDeck,270.0
RCSPP-B34-R06-T90-0105,34,6,90,20,27000.0,False,True,282,OnDeck,270.0
RCSPP-B34-R11-T02-0106,34,11,2,40,56000.0,False,True,309,BelowDeck,616.0
RCSPP-B34-R11-T04-0107,34,11,4,40,56000.0,False,True,309,BelowDeck,616.0
RCSPP-B34-R11-T06-0108,34,11,6,40,56000.0,False,True,309,BelowDeck,616.0
RCSPP-B34-R11-T08-0109,34,11,8,40,56000.0,False,True,309,BelowDeck,616.0
RCSPP-B34-R11-T10-0110,34,11,10,40,56000.0,False,True,309,BelowDeck,616.0
RCSPP-B34-R11-T12-0111,34,11,12,40,56000.0,False,True,309,BelowDeck,616.0
RCSPP-B34-R11-T14-0112,34,11,14,40,56000.0,False,True,309,BelowDeck,616.0
RCSPP-B34-R11-T16-0113,34,11,16,40,56000.0,False,True,309,BelowDeck,616.0
RCSPP-B34-R11-T18-0114,34,11,18,40,56000.0,False,True,309,BelowDeck,616.0
RCSPP-B34-R11-T20-0115,34,11,20,40,56000.0,False,True,309,BelowDeck,616.0
RCSPP-B34-R11-T22-0116,34,11,22,40,56000.0,False,True,309,BelowDeck,616.0
RCSPP-B38-R10-T72-0117,38,10,72,40,27000.0,True,True,316,OnDeck,270.0
RCSPP-B38-R10-T74-0118,38,10,74,40,27000.0,True,True,316,OnDeck,270.0
RCSPP-B38-R10-T76-0119,38,10,76,40,27000.0,False,True,316,OnDeck,270.0
RCSPP-B38-R10-T78-0120,38,10,78,40,27000.0,False,True,316,OnDeck,270.0
RCSPP-B38-R10-T80-0121,38,10,80,40,27000.0,False,True,316,OnDeck,270.0
RCSPP-B38-R10-T82-0122,38,10,82,40,27000.0,False,True,316,OnDeck,270.0
RCSPP-B38-R10-T84-0123,38,10,84,40,27000.0,False,True,316,OnDeck,270.0
RCSPP-B38-R10-T86-0124,38,10,86,40,27000.0,False,True,316,OnDeck,270.0
RCSPP-B38-R10-T88-0125,38,10,88,40,27000.0,False,True,316,OnDeck,270.0
RCSPP-B38-R10-T90-0126,38,10,90,40,27000.0,False,True,316,OnDeck,270.0
RCSPP-B38-R13-T72-0127,38,13,72,40,27000.0,True,True,328,OnDeck,270.0
RCSPP-B38-R13-T74-0128,38,13,74,40,27000.0,True,True,328,OnDeck,270.0
RCSPP-B38-R13-T76-0129,38,13,76,40,27000.0,False,True,328,OnDeck,270.0
RCSPP-B38-R13-T78-0130,38,13,78,40,27000.0,False,True,328,OnDeck,270.0
RCSPP-B38-R13-T80-0131,38,13,80,40,27000.0,False,True,328,OnDeck,270.0
RCSPP-B38-R13-T82-0132,38,13,82,40,27000.0,False,True,328,OnDeck,270.0
RCSPP-B38-R13-T84-0133,38,13,84,40,27000.0,False,True,328,OnDeck,270.0
RCSPP-B38-R13-T86-0134,38,13,86,40,27000.0,False,True,328,OnDeck,270.0
RCSPP-B38-R13-T88-0135,38,13,88,40,27000.0,False,True,328,OnDeck,270.0
RCSPP-B38-R13-T90-0136,38,13,90,40,27000.0,False,True,328,OnDeck,270.0
RCSPP-B38-R15-T72-0137,38,15,72,40,27000.0,True,True,329,OnDeck,270.0
RCSPP-B38-R15-T74-0138,38,15,74,40,27000.0,True,True,329,OnDeck,270.0
RCSPP-B38-R15-T76-0139,38,15,76,40,27000.0,False,True,329,OnDeck,270.0
RCSPP-B38-R15-T78-0140,38,15,78,40,27000.0,False,True,329,OnDeck,270.0
RCSPP-B38-R15-T80-0141,38,15,80,40,27000.0,False,True,329,OnDeck,270.0
RCSPP-B38-R15-T82-0142,38,15,82,40,27000.0,False,True,329,OnDeck,270.0
RCSPP-B38-R15-T84-0143,38,15,84,40,27000.0,False,True,329,OnDeck,270.0
RCSPP-B38-R15-T86-0144,38,15,86,40,27000.0,False,True,329,OnDeck,270.0
RCSPP-B38-R15-T88-0145,38,15,88,40,27000.0,False,True,329,OnDeck,270.0
RCSPP-B38-R15-T90-0146,38,15,90,40,27000.0,False,True,329,OnDeck,270.0
RCSPP-B38-R17-T72-0147,38,17,72,20,25555.556,False,True,330,OnDeck,230.0
RCSPP-B38-R17-T74-0148,38,17,74,20,25555.556,False,True,330,OnDeck,230.0
RCSPP-B38-R17-T76-0149,38,17,76,20,25555.556,False,True,330,OnDeck,230.0
RCSPP-B38-R17-T78-0150,38,17,78,20,25555.556,False,True,330,OnDeck,230.0
RCSPP-B38-R17-T80-0151,38,17,80,20,25555.556,False,True,330,OnDeck,230.0
RCSPP-B38-R17-T82-0152,38,17,82,20,25555.556,False,True,330,OnDeck,230.0
RCSPP-B38-R17-T84-0153,38,17,84,20,25555.556,False,True,330,OnDeck,230.0
RCSPP-B38-R17-T86-0154,38,17,86,20,25555.556,False,True,330,OnDeck,230.0
RCSPP-B38-R17-T88-0155,38,17,88,20,25555.556,False,True,330,OnDeck,230.0
RCSPP-B42-R10-T02-0156,42,10,2,40,56000.0,False,True,370,BelowDeck,616.0
RCSPP-B42-R10-T04-0157,42,10,4,40,56000.0,False,True,370,BelowDeck,616.0
RCSPP-B42-R10-T06-0158,42,10,6,40,56000.0,False,True,370,BelowDeck,616.0
RCSPP-B42-R10-T08-0159,42,10,8,40,56000.0,False,True,370,BelowDeck,616.0
RCSPP-B42-R10-T10-0160,42,10,10,40,56000.0,False,True,370,BelowDeck,616.0
RCSPP-B42-R10-T12-0161,42,10,12,40,56000.0,False,True,370,BelowDeck,616.0
RCSPP-B42-R10-T14-0162,42,10,14,40,56000.0,False,True,370,BelowDeck,616.0
RCSPP-B42-R10-T16-0163,42,10,16,40,56000.0,False,True,370,BelowDeck,616.0
RCSPP-B42-R10-T18-0164,42,10,18,40,56000.0,False,True,370,BelowDeck,616.0
RCSPP-B42-R10-T20-0165,42,10,20,40,56000.0,False,True,370,BelowDeck,616.0
RCSPP-B42-R10-T22-0166,42,10,22,40,56000.0,False,True,370,BelowDeck,616.0
RCSPP-B46-R01-T02-0167,46,1,2,20,56000.0,False,True,412,BelowDeck,616.0
RCSPP-B46-R01-T04-0168,46,1,4,20,56000.0,False,True,412,BelowDeck,616.0
RCSPP-B46-R01-T06-0169,46,1,6,20,56000.0,False,True,412,BelowDeck,616.0
RCSPP-B46-R05-T72-0170,46,5,72,20,27000.0,True,True,396,OnDeck,270.0
RCSPP-B46-R05-T74-0171,46,5,74,20,27000.0,True,True,396,OnDeck,270.0
RCSPP-B46-R05-T76-0172,46,5,76,20,27000.0,False,True,396,OnDeck,270.0
RCSPP-B46-R05-T78-0173,46,5,78,20,27000.0,False,True,396,OnDeck,270.0
RCSPP-B46-R05-T80-0174,46,5,80,20,27000.0,False,True,396,OnDeck,270.0
RCSPP-B46-R05-T82-0175,46,5,82,20,27000.0,False,True,396,OnDeck,270.0
RCSPP-B46-R05-T84-0176,46,5,84,20,27000.0,False,True,396,OnDeck,270.0
RCSPP-B46-R05-T86-0177,46,5,86,20,27000.0,False,True,396,OnDeck,270.0
RCSPP-B46-R05-T88-0178,46,5,88,20,27000.0,False,True,396,OnDeck,270.0
RCSPP-B46-R05-T90-0179,46,5,90,20,27000.0,False,True,396,OnDeck,270.0
RCSPP-B46-R06-T72-0180,46,6,72,40,27000.0,True,True,390,OnDeck,270.0
RCSPP-B46-R06-T74-0181,46,6,74,40,27000.0,True,True,390,OnDeck,270.0
RCSPP-B46-R06-T76-0182,46,6,76,40,27000.0,False,True,390,OnDeck,270.0
RCSPP-B46-R06-T78-0183,46,6,78,40,27000.0,False,True,390,OnDeck,270.0
RCSPP-B46-R06-T80-0184,46,6,80,40,27000.0,False,True,390,OnDeck,270.0
RCSPP-B46-R06-T82-0185,46,6,82,40,27000.0,False,True,390,OnDeck,270.0
RCSPP-B46-R06-T84-0186,46,6,84,40,27000.0,False,True,390,OnDeck,270.0
RCSPP-B46-R06-T86-0187,46,6,86,40,27000.0,False,True,390,OnDeck,270.0
RCSPP-B46-R06-T88-0188,46,6,88,40,27000.0,False,True,390,OnDeck,270.0
RCSPP-B46-R06-T90-0189,46,6,90,40,27000.0,False,True,390,OnDeck,270.0
RCSPP-B46-R09-T02-0190,46,9,2,40,56000.0,False,True,416,BelowDeck,616.0
RCSPP-B46-R09-T04-0191,46,9,4,40,56000.0,False,True,416,BelowDeck,616.0
RCSPP-B46-R09-T06-0192,46,9,6,40,56000.0,False,True,416,BelowDeck,616.0
RCSPP-B46-R09-T08-0193,46,9,8,40,56000.0,False,True,416,BelowDeck,616.0
RCSPP-B46-R09-T10-0194,46,9,10,40,56000.0,False,True,416,BelowDeck,616.0
RCSPP-B46-R09-T12-0195,46,9,12,40,56000.0,False,True,416,BelowDeck,616.0
RCSPP-B46-R09-T14-0196,46,9,14,40,56000.0,False,True,416,BelowDeck,616.0
RCSPP-B46-R09-T16-0197,46,9,16,40,56000.0,False,True,416,BelowDeck,616.0
RCSPP-B46-R09-T18-0198,46,9,18,40,56000.0,False,True,416,BelowDeck,616.0
RCSPP-B46-R09-T20-0199,46,9,20,40,56000.0,False,True,416,BelowDeck,616.0
RCSPP-B46-R09-T22-0200,46,9,22,40,56000.0,False,True,416,BelowDeck,616.0
RCSPP-B50-R07-T72-0201,50,7,72,40,27000.0,True,True,433,OnDeck,270.0
RCSPP-B50-R07-T74-0202,50,7,74,40,27000.0,True,True,433,OnDeck,270.0
RCSPP-B50-R07-T76-0203,50,7,76,40,27000.0,True,True,433,OnDeck,270.0
RCSPP-B50-R07-T78-0204,50,7,78,40,27000.0,False,True,433,OnDeck,270.0
RCSPP-B50-R07-T80-0205,50,7,80,40,27000.0,False,True,433,OnDeck,270.0
RCSPP-B50-R07-T82-0206,50,7,82,40,27000.0,False,True,433,OnDeck,270.0
RCSPP-B50-R07-T84-0207,50,7,84,40,27000.0,False,True,433,OnDeck,270.0
RCSPP-B50-R07-T86-0208,50,7,86,40,27000.0,False,True,433,OnDeck,270.0
RCSPP-B50-R07-T88-0209,50,7,88,40,27000.0,False,True,433,OnDeck,270.0
RCSPP-B50-R07-T90-0210,50,7,90,40,27000.0,False,True,433,OnDeck,270.0
RCSPP-B54-R01-T02-0211,54,1,2,40,56000.0,False,True,484,BelowDeck,616.0
RCSPP-B54-R01-T04-0212,54,1,4,40,56000.0,False,True,484,BelowDeck,616.0
RCSPP-B54-R01-T06-0213,54,1,6,40,56000.0,False,True,484,BelowDeck,616.0
RCSPP-B54-R01-T08-0214,54,1,8,40,56000.0,False,True,484,BelowDeck,616.0
RCSPP-B54-R01-T10-0215,54,1,10,40,56000.0,False,True,484,BelowDeck,616.0
RCSPP-B54-R01-T12-0216,54,1,12,40,56000.0,False,True,484,BelowDeck,616.0
RCSPP-B54-R01-T14-0217,54,1,14,40,56000.0,False,True,484,BelowDeck,616.0
RCSPP-B54-R01-T16-0218,54,1,16,40,56000.0,False,True,484,BelowDeck,616.0
RCSPP-B54-R01-T18-0219,54,1,18,40,56000.0,False,True,484,BelowDeck,616.0
RCSPP-B54-R01-T20-0220,54,1,20,40,56000.0,False,True,484,BelowDeck,616.0
RCSPP-B54-R01-T22-0221,54,1,22,40,56000.0,False,True,484,BelowDeck,616.0
RCSPP-B54-R01-T72-0222,54,1,72,40,27000.0,True,True,466,OnDeck,270.0
RCSPP-B54-R01-T74-0223,54,1,74,40,27000.0,True,True,466,OnDeck,270.0
RCSPP-B54-R01-T76-0224,54,1,76,40,27000.0,True,True,466,OnDeck,270.0
RCSPP-B54-R01-T78-0225,54,1,78,40,27000.0,False,True,466,OnDeck,270.0
RCSPP-B54-R01-T80-0226,54,1,80,40,27000.0,False,True,466,OnDeck,270.0
RCSPP-B54-R01-T82-0227,54,1,82,40,27000.0,False,True,466,OnDeck,270.0
RCSPP-B54-R01-T84-0228,54,1,84,40,27000.0,False,True,466,OnDeck,270.0
RCSPP-B54-R01-T86-0229,54,1,86,40,27000.0,False,True,466,OnDeck,270.0
RCSPP-B54-R01-T88-0230,54,1,88,40,27000.0,False,True,466,OnDeck,270.0
RCSPP-B54-R01-T90-0231,54,1,90,40,27000.0,False,True,466,OnDeck,270.0
RCSPP-B54-R06-T02-0232,54,6,2,40,56000.0,False,True,480,BelowDeck,616.0
RCSPP-B54-R06-T04-0233,54,6,4,40,56000.0,False,True,480,BelowDeck,616.0
RCSPP-B54-R06-T06-0234,54,6,6,40,56000.0,False,True,480,BelowDeck,616.0
RCSPP-B54-R06-T08-0235,54,6,8,40,56000.0,False,True,480,BelowDeck,616.0
RCSPP-B54-R06-T10-0236,54,6,10,40,56000.0,False,True,480,BelowDeck,616.0
RCSPP-B54-R06-T12-0237,54,6,12,40,56000.0,False,True,480,BelowDeck,616.0
RCSPP-B54-R06-T14-0238,54,6,14,40,56000.0,False,True,480,BelowDeck,616.0
RCSPP-B54-R06-T16-0239,54,6,16,40,56000.0,False,True,480,BelowDeck,616.0
RCSPP-B54-R06-T18-0240,54,6,18,40,56000.0,False,True,480,BelowDeck,616.0
RCSPP-B54-R06-T20-0241,54,6,20,40,56000.0,False,True,480,BelowDeck,616.0
RCSPP-B54-R06-T22-0242,54,6,22,40,56000.0,False,True,480,BelowDeck,616.0
RCSPP-B54-R09-T72-0243,54,9,72,20,27000.0,True,True,470,OnDeck,270.0
RCSPP-B54-R09-T74-0244,54,9,74,20,27000.0,True,True,470,OnDeck,270.0
RCSPP-B54-R09-T76-0245,54,9,76,20,27000.0,True,True,470,OnDeck,270.0
RCSPP-B54-R09-T78-0246,54,9,78,20,27000.0,False,True,470,OnDeck,270.0
RCSPP-B54-R09-T80-0247,54,9,80,20,27000.0,False,True,470,OnDeck,270.0
RCSPP-B54-R09-T82-0248,54,9,82,20,27000.0,False,True,470,OnDeck,270.0
RCSPP-B54-R09-T84-0249,54,9,84,20,27000.0,False,True,470,OnDeck,270.0
RCSPP-B54-R09-T86-0250,54,9,86,20,27000.0,False,True,470,OnDeck,270.0
RCSPP-B54-R09-T88-0251,54,9,88,20,27000.0,False,True,470,OnDeck,270.0
RCSPP-B54-R09-T90-0252,54,9,90,20,27000.0,False,True,470,OnDeck,270.0
RCSPP-B58-R01-T72-0253,58,1,72,40,27000.0,True,True,502,OnDeck,270.0
RCSPP-B58-R01-T74-0254,58,1,74,40,27000.0,True,True,502,OnDeck,270.0
RCSPP-B58-R01-T76-0255,58,1,76,40,27000.0,True,True,502,OnDeck,270.0
RCSPP-B58-R01-T78-0256,58,1,78,40,27000.0,False,True,502,OnDeck,270.0
RCSPP-B58-R01-T80-0257,58,1,80,40,27000.0,False,True,502,OnDeck,270.0
RCSPP-B58-R01-T82-0258,58,1,82,40,27000.0,False,True,502,OnDeck,270.0
RCSPP-B58-R01-T84-0259,58,1,84,40,27000.0,False,True,502,OnDeck,270.0
RCSPP-B58-R01-T86-0260,58,1,86,40,27000.0,False,True,502,OnDeck,270.0
RCSPP-B58-R01-T88-0261,58,1,88,40,27000.0,False,True,502,OnDeck,270.0
RCSPP-B58-R01-T90-0262,58,1,90,40,27000.0,False,True,502,OnDeck,270.0
RCSPP-B58-R14-T72-0263,58,14,72,20,27000.0,True,True,494,OnDeck,270.0
RCSPP-B58-R14-T74-0264,58,14,74,20,27000.0,True,True,494,OnDeck,270.0
RCSPP-B58-R14-T76-0265,58,14,76,20,27000.0,True,True,494,OnDeck,270.0
RCSPP-B58-R14-T78-0266,58,14,78,20,27000.0,False,True,494,OnDeck,270.0
RCSPP-B58-R14-T80-0267,58,14,80,20,27000.0,False,True,494,OnDeck,270.0
RCSPP-B58-R14-T82-0268,58,14,82,20,27000.0,False,True,494,OnDeck,270.0
RCSPP-B58-R14-T84-0269,58,14,84,20,27000.0,False,True,494,OnDeck,270.0
RCSPP-B58-R14-T86-0270,58,14,86,20,27000.0,False,True,494,OnDeck,270.0
RCSPP-B58-R14-T88-0271,58,14,88,20,27000.0,False,True,494,OnDeck,270.0
RCSPP-B58-R14-T90-0272,58,14,90,20,27000.0,False,True,494,OnDeck,270.0
RCSPP-B62-R07-T72-0273,62,7,72,20,27000.0,True,True,541,OnDeck,270.0
RCSPP-B62-R07-T74-0274,62,7,74,20,27000.0,True,True,541,OnDeck,270.0
RCSPP-B62-R07-T76-0275,62,7,76,20,27000.0,True,True,541,OnDeck,270.0
RCSPP-B62-R07-T78-0276,62,7,78,20,27000.0,False,True,541,OnDeck,270.0
RCSPP-B62-R07-T80-0277,62,7,80,20,27000.0,False,True,541,OnDeck,270.0
RCSPP-B62-R07-T82-0278,62,7,82,20,27000.0,False,True,541,OnDeck,270.0
RCSPP-B62-R07-T84-0279,62,7,84,20,27000.0,False,True,541,OnDeck,270.0
RCSPP-B62-R07-T86-0280,62,7,86,20,27000.0,False,True,541,OnDeck,270.0
RCSPP-B62-R07-T88-0281,62,7,88,20,27000.0,False,True,541,OnDeck,270.0
RCSPP-B62-R07-T90-0282,62,7,90,20,27000.0,False,True,541,OnDeck,270.0
RCSPP-B62-R08-T72-0283,62,8,72,40,27000.0,True,True,533,OnDeck,270.0
RCSPP-B62-R08-T74-0284,62,8,74,40,27000.0,True,True,533,OnDeck,270.0
RCSPP-B62-R08-T76-0285,62,8,76,40,27000.0,True,True,533,OnDeck,270.0
RCSPP-B62-R08-T78-0286,62,8,78,40,27000.0,False,True,533,OnDeck,270.0
RCSPP-B62-R08-T80-0287,62,8,80,40,27000.0,False,True,533,OnDeck,270.0
RCSPP-B62-R08-T82-0288,62,8,82,40,27000.0,False,True,533,OnDeck,270.0
RCSPP-B62-R08-T84-0289,62,8,84,40,27000.0,False,True,533,OnDeck,270.0
RCSPP-B62-R08-T86-0290,62,8,86,40,27000.0,False,True,533,OnDeck,270.0
RCSPP-B62-R08-T88-0291,62,8,88,40,27000.0,False,True,533,OnDeck,270.0
RCSPP-B62-R08-T90-0292,62,8,90,40,27000.0,False,True,533,OnDeck,270.0
RCSPP-B70-R02-T72-0293,70,2,72,20,27000.0,True,True,608,OnDeck,270.0
RCSPP-B70-R02-T74-0294,70,2,74,20,27000.0,True,True,608,OnDeck,270.0
RCSPP-B70-R02-T76-0295,70,2,76,20,27000.0,True,True,608,OnDeck,270.0
RCSPP-B70-R02-T78-0296,70,2,78,20,27000.0,False,True,608,OnDeck,270.0
RCSPP-B70-R02-T80-0297,70,2,80,20,27000.0,False,True,608,OnDeck,270.0
RCSPP-B70-R02-T82-0298,70,2,82,20,27000.0,False,True,608,OnDeck,270.0
RCSPP-B70-R02-T84-0299,70,2,84,20,27000.0,False,True,608,OnDeck,270.0
RCSPP-B70-R02-T86-0300,70,2,86,20,27000.0,False,True,608,OnDeck,270.0
RCSPP-B70-R02-T88-0301,70,2,88,20,27000.0,False,True,608,OnDeck,270.0
RCSPP-B70-R02-T90-0302,70,2,90,20,27000.0,False,True,608,OnDeck,270.0
RCSPP-B70-R05-T72-0303,70,5,72,20,27000.0,True,True,612,OnDeck,270.0
RCSPP-B70-R05-T74-0304,70,5,74,20,27000.0,True,True,612,OnDeck,270.0
RCSPP-B70-R05-T76-0305,70,5,76,20,27000.0,True,True,612,OnDeck,270.0
RCSPP-B70-R05-T78-0306,70,5,78,20,27000.0,False,True,612,OnDeck,270.0
RCSPP-B70-R05-T80-0307,70,5,80,20,27000.0,False,True,612,OnDeck,270.0
RCSPP-B70-R05-T82-0308,70,5,82,20,27000.0,False,True,612,OnDeck,270.0
RCSPP-B70-R05-T84-0309,70,5,84,20,27000.0,False,True,612,OnDeck,270.0
RCSPP-B70-R05-T86-0310,70,5,86,20,27000.0,False,True,612,OnDeck,270.0
RCSPP-B70-R05-T88-0311,70,5,88,20,27000.0,False,True,612,OnDeck,270.0
RCSPP-B70-R05-T90-0312,70,5,90,20,27000.0,False,True,612,OnDeck,270.0
RCSPP-B70-R06-T72-0313,70,6,72,40,27000.0,True,True,606,OnDeck,270.0
RCSPP-B70-R06-T74-0314,70,6,74,40,27000.0,True,True,606,OnDeck,270.0
RCSPP-B70-R06-T76-0315,70,6,76,40,27000.0,True,True,606,OnDeck,270.0
RCSPP-B70-R06-T78-0316,70,6,78,40,27000.0,False,True,606,OnDeck,270.0
RCSPP-B70-R06-T80-0317,70,6,80,40,27000.0,False,True,606,OnDeck,270.0
RCSPP-B70-R06-T82-0318,70,6,82,40,27000.0,False,True,606,OnDeck,270.0
RCSPP-B70-R06-T84-0319,70,6,84,40,27000.0,False,True,606,OnDeck,270.0
RCSPP-B70-R06-T86-0320,70,6,86,40,27000.0,False,True,606,OnDeck,270.0
RCSPP-B70-R06-T88-0321,70,6,88,40,27000.0,False,True,606,OnDeck,270.0
RCSPP-B70-R06-T90-0322,70,6,90,40,27000.0,False,True,606,OnDeck,270.0
RCSPP-B70-R10-T72-0323,70,10,72,20,27000.0,True,True,604,OnDeck,270.0
RCSPP-B70-R10-T74-0324,70,10,74,20,27000.0,True,True,604,OnDeck,270.0
RCSPP-B70-R10-T76-0325,70,10,76,20,27000.0,True,True,604,OnDeck,270.0
RCSPP-B70-R10-T78-0326,70,10,78,20,27000.0,False,True,604,OnDeck,270.0
RCSPP-B70-R10-T80-0327,70,10,80,20,27000.0,False,True,604,OnDeck,270.0
RCSPP-B70-R10-T82-0328,70,10,82,20,27000.0,False,True,604,OnDeck,270.0
RCSPP-B70-R10-T84-0329,70,10,84,20,27000.0,False,True,604,OnDeck,270.0
RCSPP-B70-R10-T86-0330,70,10,86,20,27000.0,False,True,604,OnDeck,270.0
RCSPP-B70-R10-T88-0331,70,10,88,20,27000.0,False,True,604,OnDeck,270.0
RCSPP-B70-R10-T90-0332,70,10,90,20,27000.0,False,True,604,OnDeck,270.0
RCSPP-B70-R14-T72-0333,70,14,72,20,27000.0,True,True,602,OnDeck,270.0
RCSPP-B70-R14-T74-0334,70,14,74,20,27000.0,True,True,602,OnDeck,270.0
RCSPP-B70-R14-T76-0335,70,14,76,20,27000.0,True,True,602,OnDeck,270.0
RCSPP-B70-R14-T78-0336,70,14,78,20,27000.0,False,True,602,OnDeck,270.0
RCSPP-B70-R14-T80-0337,70,14,80,20,27000.0,False,True,602,OnDeck,270.0
RCSPP-B70-R14-T82-0338,70,14,82,20,27000.0,False,True,602,OnDeck,270.0
RCSPP-B70-R14-T84-0339,70,14,84,20,27000.0,False,True,602,OnDeck,270.0
RCSPP-B70-R14-T86-0340,70,14,86,20,27000.0,False,True,602,OnDeck,270.0
RCSPP-B70-R14-T88-0341,70,14,88,20,27000.0,False,True,602,OnDeck,270.0
RCSPP-B70-R14-T90-0342,70,14,90,20,27000.0,False,True,602,OnDeck,270.0
RCSPP-B74-R05-T72-0343,74,5,72,40,27000.0,True,True,648,OnDeck,270.0
RCSPP-B74-R05-T74-0344,74,5,74,40,27000.0,True,True,648,OnDeck,270.0
RCSPP-B74-R05-T76-0345,74,5,76,40,27000.0,True,True,648,OnDeck,270.0
RCSPP-B74-R05-T78-0346,74,5,78,40,27000.0,False,True,648,OnDeck,270.0
RCSPP-B74-R05-T80-0347,74,5,80,40,27000.0,False,True,648,OnDeck,270.0
RCSPP-B74-R05-T82-0348,74,5,82,40,27000.0,False,True,648,OnDeck,270.0
RCSPP-B74-R05-T84-0349,74,5,84,40,27000.0,False,True,648,OnDeck,270.0
RCSPP-B74-R05-T86-0350,74,5,86,40,27000.0,False,True,648,OnDeck,270.0
RCSPP-B74-R05-T88-0351,74,5,88,40,27000.0,False,True,648,OnDeck,270.0
RCSPP-B74-R05-T90-0352,74,5,90,40,27000.0,False,True,648,OnDeck,270.0
RCSPP-B78-R01-T72-0353,78,1,72,40,27000.0,True,True,682,OnDeck,270.0
RCSPP-B78-R01-T74-0354,78,1,74,40,27000.0,True,True,682,OnDeck,270.0
RCSPP-B78-R01-T76-0355,78,1,76,40,27000.0,True,True,682,OnDeck,270.0
RCSPP-B78-R01-T78-0356,78,1,78,40,27000.0,False,True,682,OnDeck,270.0
RCSPP-B78-R01-T80-0357,78,1,80,40,27000.0,False,True,682,OnDeck,270.0
RCSPP-B78-R01-T82-0358,78,1,82,40,27000.0,False,True,682,OnDeck,270.0
RCSPP-B78-R01-T84-0359,78,1,84,40,27000.0,False,True,682,OnDeck,270.0
RCSPP-B78-R01-T86-0360,78,1,86,40,27000.0,False,True,682,OnDeck,270.0
RCSPP-B78-R01-T88-0361,78,1,88,40,27000.0,False,True,682,OnDeck,270.0
RCSPP-B78-R01-T90-0362,78,1,90,40,27000.0,False,True,682,OnDeck,270.0
RCSPP-B78-R03-T72-0363,78,3,72,40,27000.0,True,True,683,OnDeck,270.0
RCSPP-B78-R03-T74-0364,78,3,74,40,27000.0,True,True,683,OnDeck,270.0
RCSPP-B78-R03-T76-0365,78,3,76,40,27000.0,True,True,683,OnDeck,270.0
RCSPP-B78-R03-T78-0366,78,3,78,40,27000.0,False,True,683,OnDeck,270.0
RCSPP-B78-R03-T80-0367,78,3,80,40,27000.0,False,True,683,OnDeck,270.0
RCSPP-B78-R03-T82-0368,78,3,82,40,27000.0,False,True,683,OnDeck,270.0
RCSPP-B78-R03-T84-0369,78,3,84,40,27000.0,False,True,683,OnDeck,270.0
RCSPP-B78-R03-T86-0370,78,3,86,40,27000.0,False,True,683,OnDeck,270.0
RCSPP-B78-R03-T88-0371,78,3,88,40,27000.0,False,True,683,OnDeck,270.0
RCSPP-B78-R03-T90-0372,78,3,90,40,27000.0,False,True,683,OnDeck,270.0
RCSPP-B78-R07-T72-0373,78,7,72,40,27000.0,True,True,685,OnDeck,270.0
RCSPP-B78-R07-T74-0374,78,7,74,40,27000.0,True,True,685,OnDeck,270.0
RCSPP-B78-R07-T76-0375,78,7,76,40,27000.0,True,True,685,OnDeck,270.0
RCSPP-B78-R07-T78-0376,78,7,78,40,27000.0,False,True,685,OnDeck,270.0
RCSPP-B78-R07-T80-0377,78,7,80,40,27000.0,False,True,685,OnDeck,270.0
RCSPP-B78-R07-T82-0378,78,7,82,40,27000.0,False,True,685,OnDeck,270.0
RCSPP-B78-R07-T84-0379,78,7,84,40,27000.0,False,True,685,OnDeck,270.0
RCSPP-B78-R07-T86-0380,78,7,86,40,27000.0,False,True,685,OnDeck,270.0
RCSPP-B78-R07-T88-0381,78,7,88,40,27000.0,False,True,685,OnDeck,270.0
RCSPP-B78-R07-T90-0382,78,7,90,40,27000.0,False,True,685,OnDeck,270.0
RCSPP-B82-R13-T72-0383,82,13,72,40,27000.0,True,True,724,OnDeck,270.0
RCSPP-B82-R13-T74-0384,82,13,74,40,27000.0,True,True,724,OnDeck,270.0
RCSPP-B82-R13-T76-0385,82,13,76,40,27000.0,True,True,724,OnDeck,270.0
RCSPP-B82-R13-T78-0386,82,13,78,40,27000.0,False,True,724,OnDeck,270.0
RCSPP-B82-R13-T80-0387,82,13,80,40,27000.0,False,True,724,OnDeck,270.0
RCSPP-B82-R13-T82-0388,82,13,82,40,27000.0,False,True,724,OnDeck,270.0
RCSPP-B82-R13-T84-0389,82,13,84,40,27000.0,False,True,724,OnDeck,270.0
RCSPP-B82-R13-T86-0390,82,13,86,40,27000.0,False,True,724,OnDeck,270.0
RCSPP-B82-R13-T88-0391,82,13,88,40,27000.0,False,True,724,OnDeck,270.0
RCSPP-B82-R13-T90-0392,82,13,90,40,27000.0,False,True,724,OnDeck,270.0
RCSPP-B86-R03-T72-0393,86,3,72,40,17500.0,False,True,755,OnDeck,140.0
RCSPP-B86-R03-T74-0394,86,3,74,40,17500.0,False,True,755,OnDeck,140.0
RCSPP-B86-R03-T76-0395,86,3,76,40,17500.0,False,True,755,OnDeck,140.0
RCSPP-B86-R03-T78-0396,86,3,78,40,17500.0,False,True,755,OnDeck,140.0
RCSPP-B86-R03-T80-0397,86,3,80,40,17500.0,False,True,755,OnDeck,140.0
RCSPP-B86-R03-T82-0398,86,3,82,40,17500.0,False,True,755,OnDeck,140.0
RCSPP-B86-R03-T84-0399,86,3,84,40,17500.0,False,True,755,OnDeck,140.0
RCSPP-B86-R03-T86-0400,86,3,86,40,17500.0,False,True,755,OnDeck,140.0
