container_id,slot_id,bay,row,tier,container_size,container_weight,destination,destination_order,priority,hazardous,refrigerated
C00001,B01-R01-T01,1,1,1,20,8819,Singapore,3,1,False,False
C00002,B01-R01-T02,1,1,2,20,27349,Colombo,4,1,True,False
C00003,B01-R02-T01,1,2,1,20,26390,Dubai,2,3,False,False
C00004,B01-R02-T02,1,2,2,20,22719,Singapore,3,1,False,False
C00005,B01-R03-T02,1,3,2,40,19149,Singapore,3,1,False,False
C00006,B01-R03-T01,1,3,1,20,11039,Colombo,4,1,False,False
C00007,B01-R04-T02,1,4,2,40,34447,Mumbai,1,3,False,False
C00008,B01-R05-T01,1,5,1,40,10582,Singapore,3,3,False,False
C00009,B01-R04-T01,1,4,1,20,10279,Mumbai,1,3,False,False
C00010,B02-R01-T01,2,1,1,20,15628,Mumbai,1,2,False,False
C00011,B01-R05-T02,1,5,2,40,13329,Singapore,3,2,False,False
C00012,B02-R02-T02,2,2,2,20,27960,Dubai,2,3,False,False
C00013,B02-R01-T02,2,1,2,40,16845,Dubai,2,3,False,False
C00014,B02-R05-T02,2,5,2,20,15505,Mumbai,1,2,False,True
C00015,B02-R02-T01,2,2,1,40,14967,Colombo,4,2,False,False
C00016,B02-R03-T01,2,3,1,20,16679,Dubai,2,1,False,False
C00017,B02-R03-T02,2,3,2,40,27121,Colombo,4,2,False,False
C00018,B02-R04-T01,2,4,1,40,10978,Mumbai,1,1,False,False
C00019,B02-R04-T02,2,4,2,40,27543,Mumbai,1,2,False,False
C00020,B03-R02-T01,3,2,1,40,26128,Mumbai,1,3,False,False
C00021,B03-R02-T02,3,2,2,40,33185,Singapore,3,1,False,False
C00022,B02-R05-T01,2,5,1,20,16630,Dubai,2,3,False,False
C00023,B03-R03-T01,3,3,1,40,28937,Dubai,2,1,False,False
C00024,B03-R01-T01,3,1,1,20,27626,Singapore,3,2,True,False
C00025,B03-R03-T02,3,3,2,40,15846,Mumbai,1,1,False,False
C00026,B03-R01-T02,3,1,2,20,23924,Mumbai,1,3,False,False
C00027,B03-R04-T01,3,4,1,40,26015,Dubai,2,2,False,False
C00028,B03-R04-T02,3,4,2,20,25671,Dubai,2,3,False,False
C00029,B06-R02-T01,6,2,1,40,22355,Colombo,4,1,False,True
C00030,B04-R04-T02,4,4,2,20,27277,Dubai,2,3,False,True
C00031,B05-R01-T02,5,1,2,20,15501,Mumbai,1,1,False,True
C00032,B03-R05-T01,3,5,1,20,17125,Colombo,4,1,False,False
C00033,B06-R03-T02,6,3,2,40,15962,Colombo,4,2,False,True
C00034,B04-R01-T02,4,1,2,40,19609,Colombo,4,2,False,False
C00035,B03-R05-T02,3,5,2,20,9986,Colombo,4,3,False,False
C00036,B04-R01-T01,4,1,1,20,14278,Dubai,2,3,False,False
C00037,B04-R02-T02,4,2,2,40,23159,Dubai,2,1,False,False
C00038,B04-R02-T01,4,2,1,20,9657,Mumbai,1,1,False,False
C00039,B04-R04-T01,4,4,1,20,21317,Colombo,4,2,False,False
C00040,B04-R05-T01,4,5,1,20,13394,Colombo,4,1,False,False
C00041,B04-R03-T01,4,3,1,40,17347,Colombo,4,3,False,False
C00042,B07-R01-T01,7,1,1,40,13072,Dubai,2,2,False,True
C00043,B04-R05-T02,4,5,2,20,18276,Mumbai,1,1,False,False
C00044,B05-R02-T02,5,2,2,20,9863,Mumbai,1,1,True,True
C00045,B05-R02-T01,5,2,1,20,21230,Mumbai,1,3,False,False
C00046,B05-R03-T01,5,3,1,20,21737,Singapore,3,2,False,False
C00047,B05-R04-T01,5,4,1,20,16703,Colombo,4,1,False,False
C00048,B04-R03-T02,4,3,2,40,32637,Mumbai,1,1,False,False
C00049,B05-R05-T01,5,5,1,20,10400,Dubai,2,3,False,False
C00050,B05-R05-T02,5,5,2,20,16004,Singapore,3,2,False,False
