container_id,size,weight,destination,destination_order,priority,hazardous,refrigerated,source_container_id,container_type,pol,pod,points,imdg_type,weight_t
RC-000553,40,4650.0,Port 6,6,2,False,False,553,40HC,4,6,50,0,4.65
RC-000799,20,23720.0,Port 7,7,2,False,False,799,20DC,4,7,50,0,23.72
RC-000753,20,20650.0,Port 7,7,2,False,False,753,20DC,4,7,50,0,20.65
RC-000388,20,25480.0,Port 6,6,2,False,False,388,20DC,4,6,50,0,25.48
RC-000555,40,4600.0,Port 6,6,2,False,False,555,40HC,4,6,50,0,4.6
RC-000466,20,18310.0,Port 7,7,1,True,False,466,20DC,4,7,100,1,18.31
RC-000406,40,20380.0,Port 6,6,1,True,False,406,40HC,4,6,100,0,20.38
RC-000459,20,24620.0,Port 7,7,2,False,False,459,20DC,4,7,50,0,24.62
RC-000261,20,28280.0,Port 6,6,2,False,False,261,20DC,4,6,50,0,28.28
RC-000509,40,25830.0,Port 6,6,1,False,True,509,40HC,4,6,100,0,25.83
RC-000409,40,24340.0,Port 6,6,1,True,False,409,40HC,4,6,100,0,24.34
RC-000429,40,27960.0,Port 6,6,2,False,False,429,40HC,4,6,50,0,27.96
RC-000875,40,28000.0,Port 5,5,2,False,False,875,40HC,4,5,50,0,28.0
RC-000923,40,9150.0,Port 7,7,2,False,False,923,40HC,4,7,50,0,9.15
RC-000395,40,11760.0,Port 6,6,2,False,False,395,40HC,4,6,50,0,11.76
RC-000762,40,25380.0,Port 7,7,2,False,False,762,40HC,4,7,50,0,25.38
RC-000452,20,2280.0,Port 6,6,2,False,False,452,20DC,4,6,50,0,2.28
RC-000766,20,25320.0,Port 7,7,2,False,False,766,20DC,4,7,50,0,25.32
RC-000568,40,27690.0,Port 6,6,2,False,False,568,40HC,4,6,50,0,27.69
RC-000380,40,12580.0,Port 6,6,2,False,False,380,40HC,4,6,50,0,12.58
RC-000499,20,27700.0,Port 5,5,2,False,False,499,20DC,4,5,50,0,27.7
RC-000853,40,30170.0,Port 5,5,1,False,True,853,40HC,4,5,100,0,30.17
RC-000780,20,24310.0,Port 7,7,2,False,False,780,20DC,4,7,50,0,24.31
RC-000828,20,24090.0,Port 7,7,2,False,False,828,20DC,4,7,50,0,24.09
RC-000573,40,28990.0,Port 6,6,2,False,False,573,40HC,4,6,50,0,28.99
RC-000462,40,26130.0,Port 7,7,2,False,False,462,40HC,4,7,50,0,26.13
RC-000564,40,4610.0,Port 6,6,2,False,False,564,40HC,4,6,50,0,4.61
RC-000441,20,2280.0,Port 6,6,2,False,False,441,20DC,4,6,50,0,2.28
RC-000456,20,2280.0,Port 6,6,2,False,False,456,20DC,4,6,50,0,2.28
RC-000264,20,28240.0,Port 6,6,2,False,False,264,20DC,4,6,50,0,28.24
RC-000500,20,27780.0,Port 5,5,2,False,False,500,20DC,4,5,50,0,27.78
RC-000522,40,25970.0,Port 6,6,1,False,True,522,40HC,4,6,100,0,25.97
RC-000775,40,23970.0,Port 7,7,1,True,False,775,40HC,4,7,100,2,23.97
RC-000556,40,4600.0,Port 6,6,2,False,False,556,40HC,4,6,50,0,4.6
RC-000438,20,2280.0,Port 6,6,2,False,False,438,20DC,4,6,50,0,2.28
RC-000565,40,4560.0,Port 6,6,2,False,False,565,40HC,4,6,50,0,4.56
RC-000463,40,26260.0,Port 7,7,2,False,False,463,40HC,4,7,50,0,26.26
RC-000451,20,2280.0,Port 6,6,2,False,False,451,20DC,4,6,50,0,2.28
RC-000742,20,24010.0,Port 7,7,2,False,False,742,20DC,4,7,50,0,24.01
RC-000534,40,25860.0,Port 6,6,1,False,True,534,40HC,4,6,100,0,25.86
RC-000269,20,22940.0,Port 6,6,2,False,False,269,20DC,4,6,50,0,22.94
RC-000758,40,6530.0,Port 7,7,2,False,False,758,40HC,4,7,50,0,6.53
RC-000528,40,26150.0,Port 6,6,1,False,True,528,40HC,4,6,100,0,26.15
RC-000797,20,19040.0,Port 7,7,2,False,False,797,20DC,4,7,50,0,19.04
RC-000790,20,24250.0,Port 7,7,2,False,False,790,20DC,4,7,50,0,24.25
RC-000557,40,4560.0,Port 6,6,2,False,False,557,40HC,4,6,50,0,4.56
RC-000561,40,4420.0,Port 6,6,2,False,False,561,40HC,4,6,50,0,4.42
RC-000471,40,10570.0,Port 7,7,2,False,False,471,40HC,4,7,50,0,10.57
RC-000548,40,4600.0,Port 6,6,2,False,False,548,40HC,4,6,50,0,4.6
RC-000892,40,30250.0,Port 5,5,1,False,True,892,40HC,4,5,100,0,30.25
RC-000852,40,29100.0,Port 5,5,1,False,True,852,40HC,4,5,100,0,29.1
RC-000501,20,27320.0,Port 5,5,2,False,False,501,20DC,4,5,50,0,27.32
RC-000382,40,14430.0,Port 6,6,2,False,False,382,40HC,4,6,50,0,14.43
RC-000872,40,27900.0,Port 5,5,2,False,False,872,40HC,4,5,50,0,27.9
RC-000922,40,8690.0,Port 7,7,2,False,False,922,40HC,4,7,50,0,8.69
RC-000759,20,15860.0,Port 7,7,2,False,False,759,20DC,4,7,50,0,15.86
RC-000765,20,15960.0,Port 7,7,2,False,False,765,20DC,4,7,50,0,15.96
RC-000473,20,23300.0,Port 7,7,2,False,False,473,20DC,4,7,50,0,23.3
RC-000903,40,11820.0,Port 6,6,1,True,False,903,40HC,4,6,100,3,11.82
RC-000392,20,25520.0,Port 6,6,2,False,False,392,20DC,4,6,50,0,25.52
RC-000889,40,30250.0,Port 5,5,1,False,True,889,40HC,4,5,100,0,30.25
RC-000457,20,2280.0,Port 6,6,2,False,False,457,20DC,4,6,50,0,2.28
RC-000529,40,25760.0,Port 6,6,1,False,True,529,40HC,4,6,100,0,25.76
RC-000543,40,4640.0,Port 6,6,2,False,False,543,40HC,4,6,50,0,4.64
RC-000779,20,24350.0,Port 7,7,2,False,False,779,20DC,4,7,50,0,24.35
RC-000756,40,15630.0,Port 7,7,2,False,False,756,40HC,4,7,50,0,15.63
RC-000260,20,28200.0,Port 6,6,2,False,False,260,20DC,4,6,50,0,28.2
RC-000393,20,25460.0,Port 6,6,2,False,False,393,20DC,4,6,50,0,25.46
RC-000396,40,21420.0,Port 6,6,2,False,False,396,40DC,4,6,50,0,21.42
RC-000771,20,26540.0,Port 7,7,2,False,False,771,20DC,4,7,50,0,26.54
RC-000448,20,2280.0,Port 6,6,2,False,False,448,20DC,4,6,50,0,2.28
RC-000497,20,25670.0,Port 5,5,2,False,False,497,20DC,4,5,50,0,25.67
RC-000786,40,14280.0,Port 7,7,2,False,False,786,40HC,4,7,50,0,14.28
RC-000518,40,26070.0,Port 6,6,1,False,True,518,40HC,4,6,100,0,26.07
RC-000870,40,28060.0,Port 5,5,2,False,False,870,40HC,4,5,50,0,28.06
RC-000796,20,18490.0,Port 7,7,2,False,False,796,20DC,4,7,50,0,18.49
RC-000504,20,27840.0,Port 5,5,2,False,False,504,20DC,4,5,50,0,27.84
RC-000445,20,2280.0,Port 6,6,2,False,False,445,20DC,4,6,50,0,2.28
RC-000470,40,7670.0,Port 7,7,2,False,False,470,40DC,4,7,50,0,7.67
RC-000496,20,25670.0,Port 5,5,2,False,False,496,20DC,4,5,50,0,25.67
RC-000461,40,26320.0,Port 7,7,2,False,False,461,40HC,4,7,50,0,26.32
RC-000515,40,25910.0,Port 6,6,1,False,True,515,40HC,4,6,100,0,25.91
RC-000267,40,28320.0,Port 6,6,2,False,False,267,40HC,4,6,50,0,28.32
RC-000540,40,4610.0,Port 6,6,2,False,False,540,40HC,4,6,50,0,4.61
