slot_id,bay,row,tier,size,max_weight,reefer_capable,hazardous_allowed
B01-R01-T01,1,1,1,20,30480,True,False
B01-R01-T02,1,1,2,20,30480,False,False
B01-R02-T01,1,2,1,20,30480,False,False
B01-R02-T02,1,2,2,20,30480,False,False
B01-R03-T01,1,3,1,40,30480,True,True
B01-R03-T02,1,3,2,40,30480,True,True
B01-R04-T01,1,4,1,20,30480,False,False
B01-R04-T02,1,4,2,20,30480,False,False
B01-R05-T01,1,5,1,20,30480,False,False
B01-R05-T02,1,5,2,20,30480,False,False
B01-R06-T01,1,6,1,40,30480,False,True
B01-R06-T02,1,6,2,40,30480,True,True
B01-R07-T01,1,7,1,40,30480,False,False
B01-R07-T02,1,7,2,40,30480,False,False
B01-R08-T01,1,8,1,20,30480,True,False
B01-R08-T02,1,8,2,20,30480,True,False
B02-R01-T01,2,1,1,40,30480,False,True
B02-R01-T02,2,1,2,40,30480,False,True
B02-R02-T01,2,2,1,20,30480,True,False
B02-R02-T02,2,2,2,20,30480,True,False
B02-R03-T01,2,3,1,20,30480,False,False
B02-R03-T02,2,3,2,20,30480,False,False
B02-R04-T01,2,4,1,40,30480,False,True
B02-R04-T02,2,4,2,40,30480,False,True
B02-R05-T01,2,5,1,20,30480,True,False
B02-R05-T02,2,5,2,20,30480,False,False
B02-R06-T01,2,6,1,20,30480,False,False
B02-R06-T02,2,6,2,20,30480,False,False
B02-R07-T01,2,7,1,40,30480,True,True
B02-R07-T02,2,7,2,40,30480,True,True
B02-R08-T01,2,8,1,40,30480,False,False
B02-R08-T02,2,8,2,40,30480,True,False
B03-R01-T01,3,1,1,20,30480,True,False
B03-R01-T02,3,1,2,20,30480,True,False
B03-R02-T01,3,2,1,40,30480,False,True
B03-R02-T02,3,2,2,40,30480,False,True
B03-R03-T01,3,3,1,20,30480,False,False
B03-R03-T02,3,3,2,20,30480,False,False
B03-R04-T01,3,4,1,20,30480,False,False
B03-R04-T02,3,4,2,20,30480,False,False
B03-R05-T01,3,5,1,40,30480,False,True
B03-R05-T02,3,5,2,40,30480,False,True
B03-R06-T01,3,6,1,20,30480,True,False
B03-R06-T02,3,6,2,20,30480,True,False
B03-R07-T01,3,7,1,20,30480,False,False
B03-R07-T02,3,7,2,20,30480,False,False
B03-R08-T01,3,8,1,40,30480,False,True
B03-R08-T02,3,8,2,40,30480,False,True
B04-R01-T01,4,1,1,20,30480,False,False
B04-R01-T02,4,1,2,20,30480,False,False
B04-R02-T01,4,2,1,20,30480,False,False
B04-R02-T02,4,2,2,20,30480,False,False
B04-R03-T01,4,3,1,40,30480,False,True
B04-R03-T02,4,3,2,40,30480,False,True
B04-R04-T01,4,4,1,20,30480,False,False
B04-R04-T02,4,4,2,20,30480,False,False
B04-R05-T01,4,5,1,20,30480,True,False
B04-R05-T02,4,5,2,20,30480,True,False
B04-R06-T01,4,6,1,40,30480,False,True
B04-R06-T02,4,6,2,40,30480,False,True
B04-R07-T01,4,7,1,20,30480,False,False
B04-R07-T02,4,7,2,20,30480,False,False
B04-R08-T01,4,8,1,20,30480,True,False
B04-R08-T02,4,8,2,20,30480,False,False
B05-R01-T01,5,1,1,40,30480,False,True
B05-R01-T02,5,1,2,40,30480,False,True
B05-R02-T01,5,2,1,20,30480,False,False
B05-R02-T02,5,2,2,20,30480,False,False
B05-R03-T01,5,3,1,20,30480,False,True
B05-R03-T02,5,3,2,20,30480,False,False
B05-R04-T01,5,4,1,40,30480,True,True
B05-R04-T02,5,4,2,40,30480,True,True
B05-R05-T01,5,5,1,20,30480,False,True
B05-R05-T02,5,5,2,20,30480,False,False
B05-R06-T01,5,6,1,20,30480,True,False
B05-R06-T02,5,6,2,20,30480,False,False
B05-R07-T01,5,7,1,40,30480,False,True
B05-R07-T02,5,7,2,40,30480,False,True
B05-R08-T01,5,8,1,20,30480,False,False
B05-R08-T02,5,8,2,20,30480,False,False
B06-R01-T01,6,1,1,40,30480,False,False
B06-R01-T02,6,1,2,40,30480,False,False
B06-R02-T01,6,2,1,40,30480,False,True
B06-R02-T02,6,2,2,40,30480,False,True
B06-R03-T01,6,3,1,20,30480,True,False
B06-R03-T02,6,3,2,20,30480,True,False
B06-R04-T01,6,4,1,20,30480,False,False
B06-R04-T02,6,4,2,20,30480,False,False
B06-R05-T01,6,5,1,40,30480,False,True
B06-R05-T02,6,5,2,40,30480,False,True
B06-R06-T01,6,6,1,20,30480,False,False
B06-R06-T02,6,6,2,20,30480,False,False
B06-R07-T01,6,7,1,20,30480,False,False
B06-R07-T02,6,7,2,20,30480,False,False
B06-R08-T01,6,8,1,40,30480,True,True
B06-R08-T02,6,8,2,40,30480,True,True
B07-R01-T01,7,1,1,20,30480,False,False
B07-R01-T02,7,1,2,20,30480,False,False
B07-R02-T01,7,2,1,40,30480,True,False
B07-R02-T02,7,2,2,40,30480,True,False
B07-R03-T01,7,3,1,40,30480,True,True
B07-R03-T02,7,3,2,40,30480,False,True
B07-R04-T01,7,4,1,20,30480,False,False
B07-R04-T02,7,4,2,20,30480,False,False
B07-R05-T01,7,5,1,20,30480,False,False
B07-R05-T02,7,5,2,20,30480,False,False
B07-R06-T01,7,6,1,40,30480,False,True
B07-R06-T02,7,6,2,40,30480,False,True
B07-R07-T01,7,7,1,20,30480,True,False
B07-R07-T02,7,7,2,20,30480,True,False
B07-R08-T01,7,8,1,20,30480,False,False
B07-R08-T02,7,8,2,20,30480,False,False
B08-R01-T01,8,1,1,20,30480,True,True
B08-R01-T02,8,1,2,20,30480,True,True
B08-R02-T01,8,2,1,20,30480,False,False
B08-R02-T02,8,2,2,20,30480,False,False
B08-R03-T01,8,3,1,40,30480,False,False
B08-R03-T02,8,3,2,40,30480,True,False
B08-R04-T01,8,4,1,40,30480,False,True
B08-R04-T02,8,4,2,40,30480,False,True
B08-R05-T01,8,5,1,20,30480,True,True
B08-R05-T02,8,5,2,20,30480,False,False
B08-R06-T01,8,6,1,20,30480,True,False
B08-R06-T02,8,6,2,20,30480,True,False
B08-R07-T01,8,7,1,40,30480,False,True
B08-R07-T02,8,7,2,40,30480,False,True
B08-R08-T01,8,8,1,20,30480,False,False
B08-R08-T02,8,8,2,20,30480,False,False
B09-R01-T01,9,1,1,40,30480,False,False
B09-R01-T02,9,1,2,40,30480,False,False
B09-R02-T01,9,2,1,20,30480,False,True
B09-R02-T02,9,2,2,20,30480,False,True
B09-R03-T01,9,3,1,20,30480,False,False
B09-R03-T02,9,3,2,20,30480,False,False
B09-R04-T01,9,4,1,40,30480,False,False
B09-R04-T02,9,4,2,40,30480,False,False
B09-R05-T01,9,5,1,40,30480,True,True
B09-R05-T02,9,5,2,40,30480,True,True
B09-R06-T01,9,6,1,20,30480,False,False
B09-R06-T02,9,6,2,20,30480,False,False
B09-R07-T01,9,7,1,20,30480,False,False
B09-R07-T02,9,7,2,20,30480,True,False
B09-R08-T01,9,8,1,40,30480,False,True
B09-R08-T02,9,8,2,40,30480,False,True
B10-R01-T01,10,1,1,20,30480,False,False
B10-R01-T02,10,1,2,20,30480,False,False
B10-R02-T01,10,2,1,40,30480,False,False
B10-R02-T02,10,2,2,40,30480,False,True
B10-R03-T01,10,3,1,20,30480,False,True
B10-R03-T02,10,3,2,20,30480,True,True
B10-R04-T01,10,4,1,20,30480,True,False
B10-R04-T02,10,4,2,20,30480,True,False
B10-R05-T01,10,5,1,40,30480,False,False
B10-R05-T02,10,5,2,40,30480,True,False
B10-R06-T01,10,6,1,40,30480,False,True
B10-R06-T02,10,6,2,40,30480,False,True
B10-R07-T01,10,7,1,20,30480,False,False
B10-R07-T02,10,7,2,20,30480,False,False
B10-R08-T01,10,8,1,20,30480,False,False
B10-R08-T02,10,8,2,20,30480,False,True
